               epoch,      train/box_loss,      train/obj_loss,      train/cls_loss,   metrics/precision,      metrics/recall,     metrics/mAP_0.5,metrics/mAP_0.5:0.95,        val/box_loss,        val/obj_loss,        val/cls_loss,               x/lr0,               x/lr1,               x/lr2
                   0,            0.068309,            0.061989,            0.061972,             0.70192,             0.13431,             0.10506,            0.048376,            0.046457,            0.046939,            0.053552,            0.070019,           0.0033312,           0.0033312
                   1,            0.054264,            0.055226,            0.043362,             0.80947,             0.20249,             0.20246,            0.090516,            0.044818,             0.04363,            0.040564,            0.039986,           0.0066316,           0.0066316
                   2,            0.051935,             0.05342,            0.032984,             0.85634,             0.25104,             0.26573,             0.13577,            0.041638,            0.042508,            0.033892,           0.0099199,           0.0098989,           0.0098989
                   3,            0.049127,            0.052279,            0.028006,             0.81789,             0.30119,             0.31441,             0.16513,             0.03967,            0.041533,            0.028317,           0.0098515,           0.0098515,           0.0098515
                   4,            0.046426,            0.051104,             0.02492,             0.83522,             0.30548,             0.32728,             0.18032,             0.03886,            0.040687,            0.025849,           0.0098515,           0.0098515,           0.0098515
                   5,            0.045036,            0.050102,             0.02244,             0.81473,             0.33169,             0.36605,             0.20059,            0.037807,            0.040311,            0.023103,            0.009802,            0.009802,            0.009802
                   6,            0.043854,            0.049961,            0.020963,              0.6502,              0.4026,             0.38495,             0.21929,            0.037099,            0.039088,            0.021251,           0.0097525,           0.0097525,           0.0097525
                   7,            0.042379,            0.049335,            0.019402,             0.63964,             0.42203,             0.41762,             0.24231,            0.035973,            0.038726,            0.019796,            0.009703,            0.009703,            0.009703
                   8,             0.04163,            0.047573,             0.01863,             0.68302,             0.42393,             0.44249,              0.2628,            0.034939,            0.038471,             0.01842,           0.0096535,           0.0096535,           0.0096535
                   9,             0.04096,            0.047439,            0.017719,             0.65028,             0.46176,             0.43967,             0.25955,            0.034465,            0.037516,            0.017048,            0.009604,            0.009604,            0.009604
                  10,            0.040459,            0.047025,            0.016953,             0.71391,             0.45113,             0.47016,             0.28127,            0.034081,            0.037059,            0.016383,           0.0095545,           0.0095545,           0.0095545
                  11,            0.039648,            0.046405,            0.015979,             0.67838,             0.53064,              0.5111,             0.30256,            0.033901,            0.037289,             0.01546,            0.009505,            0.009505,            0.009505
                  12,            0.039477,            0.045823,            0.015377,             0.71005,               0.525,             0.53628,             0.31537,            0.033952,            0.036746,            0.014867,           0.0094555,           0.0094555,           0.0094555
                  13,            0.038781,            0.045762,            0.014694,             0.74315,             0.53748,             0.55944,             0.33502,            0.033274,             0.03642,            0.013946,            0.009406,            0.009406,            0.009406
                  14,            0.038894,            0.044983,            0.014106,             0.74123,             0.54214,             0.57342,             0.34047,            0.033054,             0.03613,            0.013521,           0.0093565,           0.0093565,           0.0093565
                  15,            0.038564,            0.044727,            0.013812,             0.72125,             0.54112,             0.58338,             0.34391,            0.033092,            0.035783,            0.012756,            0.009307,            0.009307,            0.009307
                  16,            0.038132,            0.044432,            0.013123,             0.72109,             0.57964,             0.60911,             0.36155,            0.032757,            0.035846,            0.012767,           0.0092575,           0.0092575,           0.0092575
                  17,            0.038142,            0.044797,             0.01285,             0.72247,             0.58945,             0.61658,             0.37072,             0.03253,            0.035641,             0.01251,            0.009208,            0.009208,            0.009208
                  18,            0.037701,            0.044802,            0.012385,             0.69426,             0.61733,             0.61954,             0.37246,            0.032321,            0.035525,            0.011995,           0.0091585,           0.0091585,           0.0091585
                  19,            0.037529,            0.043627,            0.012257,              0.6966,             0.61279,             0.62926,             0.37975,            0.032309,            0.035519,            0.011994,            0.009109,            0.009109,            0.009109
                  20,            0.037498,            0.043825,            0.012116,             0.73281,             0.59483,             0.61769,             0.37302,            0.032329,            0.035301,            0.012136,           0.0090595,           0.0090595,           0.0090595
                  21,            0.037316,             0.04355,            0.011526,             0.74796,             0.59105,             0.62392,             0.37203,             0.03226,            0.035256,            0.011551,             0.00901,             0.00901,             0.00901
                  22,            0.037411,             0.04416,            0.011869,             0.74528,             0.62031,             0.63896,             0.38322,            0.032027,            0.035188,            0.011206,           0.0089605,           0.0089605,           0.0089605
                  23,            0.037068,            0.043705,            0.011843,             0.73223,             0.59988,             0.64302,              0.3886,            0.031877,             0.03479,            0.011215,            0.008911,            0.008911,            0.008911
                  24,            0.037106,            0.044064,            0.011749,              0.7729,             0.60784,             0.64706,              0.3898,            0.031703,            0.034812,            0.010949,           0.0088615,           0.0088615,           0.0088615
                  25,            0.036972,            0.043063,            0.011474,             0.66506,             0.62674,             0.64486,             0.39156,            0.031783,            0.035007,            0.010971,            0.008812,            0.008812,            0.008812
                  26,            0.037002,            0.043795,            0.011212,             0.74704,             0.61955,             0.65003,             0.39135,              0.0316,            0.034629,            0.010583,           0.0087625,           0.0087625,           0.0087625
                  27,            0.036858,            0.043787,            0.010967,             0.69728,             0.63825,             0.65858,             0.40057,            0.031463,            0.034621,            0.010499,            0.008713,            0.008713,            0.008713
                  28,            0.036554,            0.042798,            0.010993,             0.68816,             0.63027,             0.65339,              0.3996,            0.031318,            0.034573,            0.010424,           0.0086635,           0.0086635,           0.0086635
                  29,            0.036583,             0.04245,             0.01079,              0.7378,              0.6311,             0.65902,             0.40142,            0.031364,            0.034489,            0.010307,            0.008614,            0.008614,            0.008614
                  30,            0.036324,            0.043127,            0.010668,             0.78578,             0.61621,             0.65792,             0.40264,            0.031262,            0.034361,            0.010109,           0.0085645,           0.0085645,           0.0085645
                  31,             0.03641,            0.042398,            0.010552,             0.78175,             0.62598,             0.66315,             0.40887,            0.031211,            0.034295,            0.010126,            0.008515,            0.008515,            0.008515
                  32,            0.036089,            0.042158,             0.01029,             0.78662,             0.62621,             0.66192,             0.40249,            0.031225,             0.03433,            0.010057,           0.0084655,           0.0084655,           0.0084655
                  33,            0.036248,            0.042459,            0.010243,              0.7192,              0.6288,             0.66667,             0.41035,            0.031075,            0.034199,            0.010047,            0.008416,            0.008416,            0.008416
                  34,            0.036094,            0.042872,            0.010226,             0.74574,             0.63203,              0.6701,             0.41241,            0.031029,            0.034199,           0.0099286,           0.0083665,           0.0083665,           0.0083665
                  35,            0.036157,            0.043135,           0.0097335,             0.73037,             0.62361,             0.66779,             0.41354,            0.030904,            0.034131,           0.0098473,            0.008317,            0.008317,            0.008317
                  36,            0.036173,            0.042685,           0.0098693,             0.73816,             0.63352,             0.66672,              0.4106,            0.030997,            0.034164,           0.0098728,           0.0082675,           0.0082675,           0.0082675
                  37,            0.036029,            0.042211,           0.0098752,             0.69437,             0.64856,             0.67062,             0.41602,            0.030896,            0.034123,           0.0097305,            0.008218,            0.008218,            0.008218
                  38,            0.035617,             0.04167,           0.0095769,             0.78226,             0.63601,             0.67234,             0.41493,            0.030644,            0.033961,           0.0095354,           0.0081685,           0.0081685,           0.0081685
                  39,            0.035902,              0.0425,           0.0097126,             0.78114,             0.63409,             0.66835,             0.41434,            0.030688,            0.033991,           0.0095902,            0.008119,            0.008119,            0.008119
                  40,            0.035636,            0.041925,            0.009385,             0.77798,              0.6464,             0.67257,             0.41844,            0.030549,            0.033985,           0.0094369,           0.0080695,           0.0080695,           0.0080695
                  41,            0.035406,            0.041046,           0.0095645,             0.69559,             0.64044,             0.67241,             0.41567,            0.030502,            0.033871,           0.0093482,             0.00802,             0.00802,             0.00802
                  42,            0.035473,            0.041048,           0.0094177,             0.70788,             0.65325,             0.67317,             0.41821,             0.03052,            0.033884,           0.0092862,           0.0079705,           0.0079705,           0.0079705
                  43,            0.035483,            0.041735,           0.0092005,              0.7103,             0.64934,             0.67449,             0.42014,            0.030505,            0.033862,           0.0092705,            0.007921,            0.007921,            0.007921
                  44,            0.035451,            0.041828,           0.0092417,             0.74128,             0.65113,             0.67497,             0.42036,             0.03047,            0.033867,           0.0092169,           0.0078715,           0.0078715,           0.0078715
                  45,            0.035397,            0.041644,           0.0089954,             0.77758,              0.6527,             0.67797,             0.42359,            0.030437,             0.03381,           0.0091251,            0.007822,            0.007822,            0.007822
                  46,            0.035587,            0.041615,           0.0088723,              0.7851,             0.64401,             0.67952,             0.42243,            0.030391,            0.033854,            0.009235,           0.0077725,           0.0077725,           0.0077725
                  47,            0.035215,            0.041179,           0.0089425,             0.73759,             0.65181,             0.67999,             0.42356,            0.030346,            0.033801,           0.0093004,            0.007723,            0.007723,            0.007723
                  48,            0.035033,            0.040787,           0.0088812,              0.7482,             0.65623,             0.68217,             0.42544,            0.030257,            0.033689,           0.0092926,           0.0076735,           0.0076735,           0.0076735
                  49,            0.035336,            0.041659,           0.0086664,             0.76015,             0.64576,             0.68437,             0.42635,            0.030181,            0.033711,           0.0092751,            0.007624,            0.007624,            0.007624
                  50,            0.035047,            0.040575,           0.0084952,             0.75021,             0.65468,             0.68788,             0.42869,            0.030169,            0.033718,           0.0092252,           0.0075745,           0.0075745,           0.0075745
                  51,            0.034936,            0.040683,           0.0086626,             0.74327,             0.65693,              0.6883,             0.43069,            0.030154,            0.033704,           0.0091582,            0.007525,            0.007525,            0.007525
                  52,            0.034768,            0.040957,           0.0084968,             0.75491,             0.64953,             0.69041,             0.43358,            0.030118,            0.033658,           0.0090715,           0.0074755,           0.0074755,           0.0074755
                  53,            0.034778,            0.040077,           0.0089312,             0.77992,             0.63808,             0.69327,             0.43374,            0.030109,            0.033646,           0.0090002,            0.007426,            0.007426,            0.007426
                  54,            0.034941,            0.040522,           0.0085218,             0.71754,             0.64543,             0.68949,             0.43262,             0.03008,            0.033659,           0.0089787,           0.0073765,           0.0073765,           0.0073765
                  55,            0.034694,            0.040436,           0.0085022,             0.71105,             0.64935,             0.68956,             0.43365,            0.030083,            0.033655,           0.0089206,            0.007327,            0.007327,            0.007327
                  56,            0.034847,            0.040515,            0.008608,             0.71754,             0.65016,             0.69169,             0.43388,            0.030075,            0.033627,           0.0088972,           0.0072775,           0.0072775,           0.0072775
                  57,            0.034842,            0.040883,           0.0083107,              0.7142,             0.65655,              0.6912,             0.43396,            0.030065,            0.033644,           0.0088595,            0.007228,            0.007228,            0.007228
                  58,            0.035096,             0.04154,           0.0081971,             0.71196,             0.65838,             0.69396,             0.43512,            0.030041,            0.033645,           0.0088414,           0.0071785,           0.0071785,           0.0071785
                  59,            0.034582,            0.040465,           0.0082666,             0.71545,             0.66183,             0.69352,             0.43603,            0.029972,            0.033639,           0.0088078,            0.007129,            0.007129,            0.007129
                  60,            0.034439,            0.040384,           0.0078372,             0.70919,             0.65746,             0.69342,             0.43706,            0.029949,            0.033645,           0.0087972,           0.0070795,           0.0070795,           0.0070795
                  61,            0.034695,             0.04087,           0.0081048,             0.71983,             0.66289,             0.69308,             0.43726,             0.02992,            0.033655,           0.0088156,             0.00703,             0.00703,             0.00703
                  62,             0.03448,            0.040477,           0.0080669,             0.71737,             0.66631,             0.69386,             0.43558,            0.029944,            0.033656,           0.0088127,           0.0069805,           0.0069805,           0.0069805
                  63,            0.034357,            0.040403,           0.0079787,             0.71973,             0.66055,             0.69198,             0.43567,             0.02995,            0.033656,            0.008806,            0.006931,            0.006931,            0.006931
                  64,            0.034415,             0.04026,           0.0078221,             0.71483,             0.65529,             0.69174,             0.43614,            0.029942,             0.03365,           0.0088106,           0.0068815,           0.0068815,           0.0068815
                  65,            0.034168,            0.039169,           0.0077949,             0.72398,             0.65951,             0.69044,             0.43599,             0.02994,            0.033636,           0.0088144,            0.006832,            0.006832,            0.006832
                  66,            0.034117,            0.039554,              0.0075,             0.65877,              0.6616,             0.69179,             0.43648,            0.029925,            0.033612,           0.0088159,           0.0067825,           0.0067825,           0.0067825
                  67,            0.034336,            0.040181,           0.0076497,             0.66659,              0.6563,              0.6902,             0.43562,            0.029912,            0.033603,           0.0088122,            0.006733,            0.006733,            0.006733
                  68,             0.03434,            0.040027,           0.0076765,             0.67021,             0.65388,             0.68908,             0.43576,            0.029904,            0.033595,           0.0088034,           0.0066835,           0.0066835,           0.0066835
                  69,            0.034438,            0.040319,           0.0075944,             0.68764,             0.66128,             0.68853,              0.4357,            0.029885,            0.033591,           0.0087963,            0.006634,            0.006634,            0.006634
                  70,            0.034118,            0.039464,           0.0075849,             0.66664,             0.68006,              0.6889,             0.43592,            0.029858,            0.033581,           0.0087886,           0.0065845,           0.0065845,           0.0065845
                  71,            0.033894,            0.039477,            0.007311,             0.68516,             0.64958,             0.69008,             0.43632,            0.029831,            0.033582,           0.0087853,            0.006535,            0.006535,            0.006535
                  72,            0.034223,            0.039774,           0.0074284,             0.66034,             0.69038,             0.69069,             0.43652,            0.029806,            0.033577,           0.0087851,           0.0064855,           0.0064855,           0.0064855
                  73,            0.033708,            0.039028,           0.0073236,             0.67179,             0.68689,             0.69196,             0.43767,            0.029787,            0.033575,           0.0087643,            0.006436,            0.006436,            0.006436
                  74,            0.033862,            0.038848,            0.007126,             0.67537,             0.68276,              0.6933,             0.43821,            0.029777,            0.033578,           0.0087612,           0.0063865,           0.0063865,           0.0063865
                  75,            0.033618,            0.038429,           0.0072803,             0.66718,             0.68407,             0.69347,             0.43888,            0.029763,            0.033575,           0.0087599,            0.006337,            0.006337,            0.006337
                  76,            0.033973,            0.038623,           0.0071825,             0.66789,             0.68517,             0.69415,             0.43906,            0.029761,            0.033572,           0.0087621,           0.0062875,           0.0062875,           0.0062875
                  77,            0.033976,            0.039156,           0.0072183,             0.66294,             0.68939,             0.69453,             0.43971,            0.029755,             0.03357,           0.0087585,            0.006238,            0.006238,            0.006238
                  78,            0.033864,            0.039259,           0.0070796,             0.67216,             0.68493,               0.695,             0.44003,            0.029754,            0.033578,           0.0087535,           0.0061885,           0.0061885,           0.0061885
                  79,            0.034017,            0.039395,           0.0069193,             0.68642,             0.67383,             0.69515,             0.44023,            0.029751,            0.033583,           0.0087548,            0.006139,            0.006139,            0.006139
                  80,            0.033966,            0.039373,           0.0069895,             0.68786,             0.67245,             0.69445,             0.44046,            0.029745,            0.033585,           0.0087551,           0.0060895,           0.0060895,           0.0060895
                  81,            0.033678,            0.038983,           0.0067755,              0.6894,             0.67337,             0.69736,             0.44051,            0.029744,             0.03359,           0.0087562,             0.00604,             0.00604,             0.00604
                  82,            0.033701,            0.039038,           0.0068279,             0.68589,              0.6764,             0.69778,             0.44074,            0.029739,            0.033589,           0.0087568,           0.0059905,           0.0059905,           0.0059905
                  83,            0.033439,            0.038465,           0.0069021,             0.68643,             0.67663,             0.69746,             0.44083,            0.029737,            0.033593,           0.0087538,            0.005941,            0.005941,            0.005941
                  84,            0.033607,            0.038625,           0.0066854,             0.68948,             0.67714,             0.69682,             0.44057,            0.029736,            0.033601,           0.0087583,           0.0058915,           0.0058915,           0.0058915
                  85,            0.033454,             0.03819,           0.0065359,              0.6877,             0.67648,             0.69631,             0.44025,            0.029735,            0.033607,           0.0087635,            0.005842,            0.005842,            0.005842
                  86,            0.033436,             0.03852,           0.0066147,             0.68947,             0.67607,             0.69657,             0.44022,            0.029734,            0.033618,           0.0087678,           0.0057925,           0.0057925,           0.0057925
                  87,            0.033489,            0.038412,           0.0066618,              0.6902,             0.67712,             0.69658,             0.44035,            0.029732,            0.033622,           0.0087778,            0.005743,            0.005743,            0.005743
                  88,            0.033281,            0.038155,           0.0064393,             0.69327,             0.67657,             0.69639,              0.4408,             0.02973,            0.033628,            0.008784,           0.0056935,           0.0056935,           0.0056935
                  89,            0.033547,            0.038639,            0.006287,              0.6959,             0.67685,             0.69578,              0.4404,            0.029731,             0.03364,           0.0087913,            0.005644,            0.005644,            0.005644
                  90,            0.033489,            0.038476,           0.0063782,             0.69771,             0.67442,             0.69519,              0.4402,            0.029728,            0.033642,           0.0087925,           0.0055945,           0.0055945,           0.0055945
                  91,            0.033405,            0.038603,           0.0065428,             0.69559,             0.67731,             0.69573,             0.44043,            0.029724,            0.033645,           0.0087896,            0.005545,            0.005545,            0.005545
                  92,            0.033175,            0.037571,           0.0063447,             0.69565,             0.67549,              0.6957,             0.44044,            0.029718,            0.033649,           0.0087869,           0.0054955,           0.0054955,           0.0054955
                  93,            0.033266,            0.038614,           0.0063977,              0.6959,             0.67844,             0.69592,             0.44059,            0.029716,            0.033657,           0.0087894,            0.005446,            0.005446,            0.005446
                  94,            0.033189,            0.038256,            0.005859,             0.69726,             0.67786,              0.6965,             0.44108,            0.029714,            0.033666,           0.0087951,           0.0053965,           0.0053965,           0.0053965
                  95,            0.033315,            0.038735,           0.0061331,              0.7031,              0.6728,             0.69656,             0.44127,             0.02971,            0.033671,           0.0088018,            0.005347,            0.005347,            0.005347
                  96,             0.03318,            0.038019,           0.0063116,             0.70411,             0.67308,             0.69667,             0.44161,            0.029704,            0.033672,           0.0088063,           0.0052975,           0.0052975,           0.0052975
                  97,            0.032995,            0.037767,           0.0059368,             0.70717,             0.67199,             0.69726,             0.44176,            0.029702,            0.033677,           0.0088134,            0.005248,            0.005248,            0.005248
                  98,            0.032933,            0.037802,           0.0060151,             0.70932,             0.67225,              0.6974,             0.44198,            0.029696,            0.033683,           0.0088158,           0.0051985,           0.0051985,           0.0051985
                  99,             0.03287,            0.037682,           0.0059095,             0.71059,              0.6714,             0.69759,             0.44235,             0.02969,             0.03369,           0.0088199,            0.005149,            0.005149,            0.005149
                 100,            0.032946,            0.037719,           0.0057954,             0.70993,             0.67039,               0.696,             0.44203,            0.029686,            0.033691,           0.0088233,           0.0050995,           0.0050995,           0.0050995
                 101,            0.032954,            0.037784,           0.0058588,             0.71086,             0.67043,             0.69617,             0.44207,            0.029684,            0.033702,           0.0088288,             0.00505,             0.00505,             0.00505
                 102,            0.032554,             0.03733,           0.0057944,             0.71214,              0.6704,             0.69631,             0.44201,             0.02968,            0.033709,           0.0088355,           0.0050005,           0.0050005,           0.0050005
                 103,            0.032772,            0.037726,           0.0058692,             0.71077,             0.67112,             0.69646,             0.44184,            0.029679,            0.033715,           0.0088402,            0.004951,            0.004951,            0.004951
                 104,            0.032825,             0.03761,           0.0058364,             0.71023,             0.67201,             0.69657,             0.44181,            0.029677,            0.033716,            0.008848,           0.0049015,           0.0049015,           0.0049015
                 105,            0.032603,            0.037421,           0.0057431,             0.70461,             0.67579,             0.69653,               0.442,            0.029673,            0.033721,           0.0088523,            0.004852,            0.004852,            0.004852
                 106,            0.032553,            0.037013,           0.0055104,             0.70558,             0.67545,             0.69679,             0.44221,             0.02967,            0.033725,           0.0088582,           0.0048025,           0.0048025,           0.0048025
                 107,            0.032543,            0.036968,            0.005516,             0.70394,             0.67639,             0.69653,              0.4419,            0.029668,            0.033733,           0.0088624,            0.004753,            0.004753,            0.004753
                 108,            0.032468,            0.037081,           0.0053204,             0.70416,             0.67752,              0.6966,             0.44164,            0.029667,            0.033738,           0.0088673,           0.0047035,           0.0047035,           0.0047035
                 109,            0.032675,            0.037281,           0.0054261,             0.70322,             0.67767,             0.69675,             0.44195,            0.029666,            0.033744,           0.0088741,            0.004654,            0.004654,            0.004654
                 110,            0.032341,            0.036533,           0.0052659,              0.7033,             0.67739,             0.69587,             0.44158,            0.029664,            0.033753,           0.0088817,           0.0046045,           0.0046045,           0.0046045
                 111,            0.032538,            0.036785,             0.00547,             0.70629,             0.67555,             0.69577,             0.44125,            0.029662,             0.03376,           0.0088869,            0.004555,            0.004555,            0.004555
                 112,            0.032435,            0.037072,           0.0054985,             0.69961,             0.67804,             0.69502,             0.44069,            0.029661,            0.033767,           0.0088933,           0.0045055,           0.0045055,           0.0045055
                 113,            0.032127,            0.036844,           0.0052753,             0.70269,             0.68082,             0.69584,             0.44157,             0.02966,            0.033775,           0.0088987,            0.004456,            0.004456,            0.004456
                 114,            0.032346,            0.036842,           0.0054356,             0.70228,             0.68149,             0.69582,             0.44169,            0.029657,             0.03378,           0.0089018,           0.0044065,           0.0044065,           0.0044065
                 115,            0.032486,            0.037535,           0.0052382,             0.70156,              0.6823,             0.69535,             0.44136,            0.029657,            0.033792,           0.0089064,            0.004357,            0.004357,            0.004357
                 116,            0.032125,            0.036517,           0.0051921,             0.70082,             0.68363,             0.69538,             0.44147,            0.029659,              0.0338,           0.0089143,           0.0043075,           0.0043075,           0.0043075
                 117,            0.032365,            0.037266,           0.0050444,             0.69956,              0.6845,             0.69607,             0.44135,             0.02966,            0.033811,           0.0089193,            0.004258,            0.004258,            0.004258
                 118,            0.032096,            0.036417,           0.0050874,             0.69956,               0.684,              0.6959,             0.44132,            0.029661,             0.03382,           0.0089227,           0.0042085,           0.0042085,           0.0042085
                 119,            0.032022,            0.036352,           0.0049899,             0.69805,             0.68393,             0.69588,             0.44139,            0.029662,            0.033833,           0.0089297,            0.004159,            0.004159,            0.004159
                 120,            0.031947,            0.036433,           0.0049251,             0.69356,             0.68709,             0.69585,             0.44112,            0.029664,            0.033844,           0.0089371,           0.0041095,           0.0041095,           0.0041095
                 121,            0.031877,             0.03623,           0.0047888,             0.69532,             0.68779,             0.69576,             0.44117,            0.029668,            0.033852,           0.0089441,             0.00406,             0.00406,             0.00406
                 122,            0.031877,            0.035874,           0.0048816,             0.69554,              0.6865,             0.69505,             0.44076,            0.029672,            0.033861,           0.0089515,           0.0040105,           0.0040105,           0.0040105
                 123,            0.031889,            0.036008,           0.0048897,             0.69736,             0.68578,             0.69471,              0.4403,            0.029676,            0.033873,           0.0089604,            0.003961,            0.003961,            0.003961
                 124,            0.031519,            0.036093,           0.0046925,             0.69849,             0.68495,             0.69468,             0.44025,            0.029679,            0.033888,           0.0089678,           0.0039115,           0.0039115,           0.0039115
                 125,            0.031771,            0.035888,            0.004939,             0.69876,             0.68484,              0.6944,             0.44031,            0.029682,              0.0339,           0.0089716,            0.003862,            0.003862,            0.003862
                 126,            0.031687,            0.035698,            0.004754,             0.69791,             0.68473,             0.69355,             0.43995,            0.029684,            0.033911,           0.0089801,           0.0038125,           0.0038125,           0.0038125
                 127,            0.031539,            0.035365,           0.0046609,               0.698,             0.67744,             0.68752,              0.4357,            0.029686,            0.033921,            0.008988,            0.003763,            0.003763,            0.003763
                 128,            0.031548,            0.035791,           0.0047596,              0.6976,              0.6783,             0.68981,             0.43708,            0.029687,            0.033935,           0.0089946,           0.0037135,           0.0037135,           0.0037135
                 129,            0.031528,            0.035964,            0.004561,             0.69844,             0.67714,             0.68681,             0.43509,             0.02969,            0.033949,           0.0090062,            0.003664,            0.003664,            0.003664
                 130,            0.031453,            0.035784,           0.0044912,             0.69634,             0.67456,             0.68459,             0.43379,            0.029691,            0.033962,           0.0090154,           0.0036145,           0.0036145,           0.0036145
                 131,            0.031426,            0.035621,           0.0044461,             0.69664,             0.68416,             0.69351,             0.43967,            0.029693,            0.033976,            0.009026,            0.003565,            0.003565,            0.003565
                 132,            0.031384,            0.035401,           0.0044662,             0.69181,             0.68508,             0.69361,             0.43948,            0.029696,            0.033992,           0.0090343,           0.0035155,           0.0035155,           0.0035155
                 133,            0.031383,             0.03483,           0.0045363,             0.68921,             0.68787,             0.69338,             0.43941,            0.029699,            0.034003,           0.0090443,            0.003466,            0.003466,            0.003466
                 134,            0.031432,            0.035624,           0.0043416,             0.68925,             0.68885,             0.69365,             0.43958,            0.029701,            0.034016,           0.0090563,           0.0034165,           0.0034165,           0.0034165
                 135,             0.03097,            0.034597,           0.0044051,              0.6875,             0.68772,             0.69306,             0.43938,            0.029703,            0.034029,           0.0090667,            0.003367,            0.003367,            0.003367
                 136,            0.031052,            0.034964,           0.0044762,             0.69155,             0.68564,             0.69259,             0.43895,            0.029703,            0.034045,           0.0090764,           0.0033175,           0.0033175,           0.0033175
                 137,            0.031108,            0.034889,           0.0041828,             0.68913,             0.68552,             0.69081,             0.43777,            0.029703,            0.034061,            0.009086,            0.003268,            0.003268,            0.003268
                 138,            0.031008,            0.034653,           0.0042783,             0.69763,             0.67842,             0.68985,             0.43782,            0.029706,            0.034078,           0.0090979,           0.0032185,           0.0032185,           0.0032185
                 139,            0.030992,            0.034748,            0.004189,             0.69749,             0.68108,             0.69182,             0.43893,             0.02971,            0.034092,           0.0091104,            0.003169,            0.003169,            0.003169
                 140,            0.030843,            0.034929,           0.0039681,             0.69827,             0.68082,             0.69138,              0.4387,            0.029715,            0.034109,           0.0091218,           0.0031195,           0.0031195,           0.0031195
                 141,             0.03059,            0.033859,           0.0039894,             0.69988,             0.68026,               0.691,             0.43873,            0.029718,            0.034132,           0.0091338,             0.00307,             0.00307,             0.00307
                 142,            0.030703,            0.034526,           0.0040589,             0.69733,             0.68088,             0.69086,             0.43838,            0.029722,            0.034151,           0.0091473,           0.0030205,           0.0030205,           0.0030205
                 143,            0.030665,            0.034246,           0.0039328,             0.69441,             0.68346,             0.69043,             0.43809,            0.029724,            0.034169,           0.0091556,            0.002971,            0.002971,            0.002971
                 144,            0.030605,            0.034527,            0.003922,             0.69371,              0.6841,             0.69051,              0.4376,            0.029728,            0.034189,           0.0091671,           0.0029215,           0.0029215,           0.0029215
                 145,            0.030686,            0.034547,           0.0038683,             0.70055,             0.68342,             0.69068,             0.43782,            0.029733,            0.034212,           0.0091781,            0.002872,            0.002872,            0.002872
                 146,            0.030601,            0.033992,           0.0038673,             0.70104,             0.68347,             0.69042,             0.43784,            0.029736,            0.034233,           0.0091883,           0.0028225,           0.0028225,           0.0028225
                 147,            0.030606,            0.034225,           0.0038255,             0.70065,             0.68288,             0.69014,              0.4377,            0.029739,            0.034253,           0.0092011,            0.002773,            0.002773,            0.002773
                 148,            0.030621,            0.034479,           0.0038962,             0.70008,             0.68274,             0.68988,             0.43757,            0.029744,            0.034276,           0.0092169,           0.0027235,           0.0027235,           0.0027235
                 149,            0.030533,             0.03434,           0.0038111,             0.70167,             0.68313,              0.6896,             0.43758,             0.02975,            0.034301,           0.0092325,            0.002674,            0.002674,            0.002674
                 150,            0.030288,            0.033812,           0.0037226,             0.70255,              0.6829,             0.68965,             0.43741,            0.029753,            0.034325,           0.0092461,           0.0026245,           0.0026245,           0.0026245
                 151,            0.030312,            0.033664,           0.0037389,             0.70118,             0.68304,             0.68919,             0.43724,            0.029758,            0.034352,           0.0092602,            0.002575,            0.002575,            0.002575
                 152,            0.030312,            0.033822,           0.0037738,             0.70317,             0.68176,             0.68887,              0.4371,            0.029763,            0.034375,           0.0092736,           0.0025255,           0.0025255,           0.0025255
                 153,            0.030196,             0.03341,           0.0036224,             0.70333,             0.67994,             0.68892,             0.43689,            0.029767,            0.034399,           0.0092879,            0.002476,            0.002476,            0.002476
                 154,             0.03039,            0.033795,           0.0035882,             0.70452,             0.67958,             0.68818,             0.43661,            0.029771,            0.034423,           0.0093022,           0.0024265,           0.0024265,           0.0024265
                 155,            0.029892,            0.033274,           0.0035497,             0.70377,             0.67897,             0.68796,             0.43656,            0.029777,            0.034449,           0.0093164,            0.002377,            0.002377,            0.002377
                 156,            0.029909,            0.033166,           0.0035665,             0.70406,              0.6798,             0.68733,             0.43646,            0.029782,            0.034476,            0.009333,           0.0023275,           0.0023275,           0.0023275
                 157,             0.02987,            0.033095,            0.003501,             0.70239,             0.67761,             0.68656,             0.43623,             0.02979,            0.034506,           0.0093504,            0.002278,            0.002278,            0.002278
                 158,            0.029773,            0.033273,           0.0034709,             0.70268,             0.67688,             0.68604,             0.43592,            0.029796,            0.034536,           0.0093675,           0.0022285,           0.0022285,           0.0022285
                 159,            0.029577,            0.032545,            0.003396,             0.70322,             0.67653,             0.68638,             0.43576,            0.029801,            0.034566,           0.0093811,            0.002179,            0.002179,            0.002179
                 160,            0.029758,            0.033012,           0.0033397,             0.70403,             0.67623,             0.68618,             0.43556,            0.029806,            0.034596,           0.0093953,           0.0021295,           0.0021295,           0.0021295
                 161,            0.029491,            0.032547,           0.0033522,             0.69752,             0.67548,             0.68551,             0.43555,            0.029811,            0.034626,           0.0094114,             0.00208,             0.00208,             0.00208
                 162,            0.029581,            0.032623,           0.0033403,             0.69661,             0.67545,             0.68564,             0.43557,            0.029816,            0.034658,            0.009427,           0.0020305,           0.0020305,           0.0020305
                 163,            0.029425,            0.032899,           0.0032863,             0.69628,              0.6747,             0.68487,             0.43521,            0.029823,            0.034693,           0.0094443,            0.001981,            0.001981,            0.001981
                 164,            0.029285,            0.032261,           0.0032828,             0.69314,              0.6764,             0.68469,             0.43492,            0.029832,            0.034731,           0.0094625,           0.0019315,           0.0019315,           0.0019315
                 165,            0.029311,            0.032396,           0.0032251,             0.69556,             0.67622,             0.68448,             0.43475,            0.029841,            0.034769,           0.0094815,            0.001882,            0.001882,            0.001882
                 166,            0.029552,             0.03301,           0.0032147,             0.69644,             0.67609,             0.68397,             0.43455,             0.02985,            0.034807,           0.0095007,           0.0018325,           0.0018325,           0.0018325
                 167,            0.029092,            0.032151,           0.0031294,              0.6975,             0.67692,             0.68367,             0.43434,            0.029859,            0.034845,           0.0095174,            0.001783,            0.001783,            0.001783
                 168,            0.029048,            0.032231,           0.0030931,             0.69678,             0.67513,             0.68341,             0.43415,             0.02987,            0.034883,           0.0095348,           0.0017335,           0.0017335,           0.0017335
                 169,             0.02878,             0.03175,           0.0030379,             0.69649,             0.67449,              0.6827,             0.43385,            0.029883,            0.034924,           0.0095547,            0.001684,            0.001684,            0.001684
                 170,            0.028947,            0.031825,           0.0030811,             0.69705,             0.67467,             0.68263,             0.43397,            0.029892,            0.034963,            0.009575,           0.0016345,           0.0016345,           0.0016345
                 171,            0.028817,            0.031514,           0.0029814,             0.69642,             0.67394,             0.68234,             0.43374,            0.029902,            0.035005,           0.0095949,            0.001585,            0.001585,            0.001585
                 172,            0.028607,            0.031583,           0.0030038,             0.69767,               0.673,             0.68208,              0.4335,            0.029912,            0.035045,           0.0096124,           0.0015355,           0.0015355,           0.0015355
                 173,            0.028542,             0.03177,           0.0029589,             0.69858,             0.66967,             0.68174,             0.43315,            0.029925,            0.035085,           0.0096307,            0.001486,            0.001486,            0.001486
                 174,            0.028386,            0.031731,            0.002784,             0.69918,              0.6704,             0.68181,             0.43311,             0.02994,            0.035129,           0.0096466,           0.0014365,           0.0014365,           0.0014365
                 175,            0.028588,            0.031406,           0.0028734,             0.69851,             0.67046,             0.68147,             0.43276,            0.029954,            0.035174,           0.0096671,            0.001387,            0.001387,            0.001387
                 176,            0.028406,            0.031237,           0.0028895,             0.69739,             0.67261,             0.68087,             0.43236,            0.029968,            0.035223,           0.0096882,           0.0013375,           0.0013375,           0.0013375
                 177,             0.02845,            0.031581,           0.0028649,             0.69748,             0.67112,              0.6803,               0.432,            0.029983,            0.035269,           0.0097077,            0.001288,            0.001288,            0.001288
                 178,            0.028234,            0.031564,           0.0027285,             0.69469,             0.67272,             0.68021,             0.43176,            0.029994,            0.035314,           0.0097269,           0.0012385,           0.0012385,           0.0012385
                 179,             0.02814,            0.030734,            0.002755,             0.69396,             0.67222,             0.67979,             0.43155,            0.030008,             0.03536,           0.0097468,            0.001189,            0.001189,            0.001189
                 180,            0.028146,            0.031243,           0.0027532,             0.69233,             0.67283,             0.67953,             0.43126,            0.030022,            0.035409,           0.0097678,           0.0011395,           0.0011395,           0.0011395
                 181,            0.027912,            0.031031,           0.0027591,             0.69178,             0.67252,             0.67905,             0.43123,            0.030034,            0.035463,           0.0097879,             0.00109,             0.00109,             0.00109
                 182,            0.027709,            0.030634,            0.002721,             0.69174,             0.67217,             0.67893,             0.43108,            0.030045,            0.035513,           0.0098064,           0.0010405,           0.0010405,           0.0010405
                 183,            0.027825,             0.03101,           0.0027013,             0.69075,              0.6697,             0.67841,             0.43092,            0.030058,            0.035566,           0.0098263,            0.000991,            0.000991,            0.000991
                 184,            0.027514,            0.030223,           0.0026278,              0.6882,             0.67039,             0.67795,             0.43063,             0.03007,            0.035621,           0.0098473,           0.0009415,           0.0009415,           0.0009415
                 185,            0.027658,            0.031011,           0.0025648,             0.68526,             0.67052,             0.67741,             0.43021,            0.030084,            0.035676,           0.0098704,            0.000892,            0.000892,            0.000892
                 186,            0.027445,            0.030151,            0.002543,             0.68881,             0.67199,             0.67711,             0.43009,            0.030097,            0.035728,           0.0098921,           0.0008425,           0.0008425,           0.0008425
                 187,            0.027347,            0.030243,           0.0026025,             0.69334,             0.66131,             0.67677,             0.42963,            0.030113,            0.035786,           0.0099153,            0.000793,            0.000793,            0.000793
                 188,            0.027582,            0.030431,           0.0025678,             0.69035,             0.66186,             0.67651,             0.42932,            0.030128,            0.035844,           0.0099389,           0.0007435,           0.0007435,           0.0007435
                 189,             0.02736,            0.030551,            0.002519,             0.72532,             0.64983,             0.67656,             0.42911,            0.030145,            0.035904,           0.0099619,            0.000694,            0.000694,            0.000694
                 190,            0.027226,            0.030362,           0.0024954,             0.72237,             0.64888,             0.67441,             0.42872,             0.03016,            0.035968,           0.0099864,           0.0006445,           0.0006445,           0.0006445
                 191,            0.027052,            0.030052,           0.0025134,             0.71956,             0.64847,             0.67382,             0.42816,            0.030177,            0.036031,            0.010009,            0.000595,            0.000595,            0.000595
                 192,            0.026935,            0.029632,           0.0023913,              0.7184,             0.64861,             0.67353,               0.428,            0.030195,            0.036096,            0.010034,           0.0005455,           0.0005455,           0.0005455
                 193,            0.027002,            0.029692,           0.0024243,              0.7222,             0.64723,             0.67306,             0.42773,            0.030213,            0.036162,            0.010058,            0.000496,            0.000496,            0.000496
                 194,            0.026752,            0.029291,           0.0024279,             0.72448,              0.6461,             0.67263,             0.42743,            0.030232,            0.036227,            0.010083,           0.0004465,           0.0004465,           0.0004465
                 195,            0.026822,            0.029887,           0.0023479,              0.7257,             0.64491,              0.6725,             0.42721,            0.030251,            0.036293,            0.010108,            0.000397,            0.000397,            0.000397
                 196,            0.026842,            0.029927,            0.002392,             0.72455,             0.64466,             0.67208,             0.42651,             0.03027,            0.036361,            0.010133,           0.0003475,           0.0003475,           0.0003475
                 197,            0.026687,            0.029664,           0.0023492,             0.71885,             0.64504,             0.67162,             0.42628,            0.030289,            0.036429,            0.010159,            0.000298,            0.000298,            0.000298
                 198,            0.026319,            0.028396,            0.002286,             0.70577,             0.64506,             0.67115,             0.42586,            0.030307,            0.036495,            0.010185,           0.0002485,           0.0002485,           0.0002485
                 199,             0.02655,            0.029451,           0.0023396,             0.70649,             0.64472,              0.6708,             0.42539,            0.030323,            0.036566,            0.010212,            0.000199,            0.000199,            0.000199
